id,name,age,salary,department,join_date
1,Name_1,64,118977,Engineering,2015-01-01
2,Name_2,52,36077,Engineering,2015-01-02
3,Name_3,27,90126,HR,2015-01-03
4,Name_4,41,113616,Engineering,2015-01-04
5,Name_5,22,32453,HR,2015-01-05
6,Name_6,63,97588,Marketing,2015-01-06
7,Name_7,69,83302,HR,2015-01-07
8,Name_8,58,55312,Sales,2015-01-08
9,Name_9,47,33057,Sales,2015-01-09
10,Name_10,35,87421,Engineering,2015-01-10
11,Name_11,25,34171,Marketing,2015-01-11
12,Name_12,61,81521,Sales,2015-01-12
13,Name_13,51,61845,HR,2015-01-13
14,Name_14,49,57672,Engineering,2015-01-14
15,Name_15,44,95401,Marketing,2015-01-15
16,Name_16,27,94756,HR,2015-01-16
17,Name_17,62,111603,Sales,2015-01-17
18,Name_18,43,49452,Sales,2015-01-18
19,Name_19,58,41303,Sales,2015-01-19
20,Name_20,58,88922,HR,2015-01-20
21,Name_21,54,96856,Engineering,2015-01-21
22,Name_22,52,114318,HR,2015-01-22
23,Name_23,58,108591,Engineering,2015-01-23
24,Name_24,26,104100,Sales,2015-01-24
25,Name_25,40,88872,Marketing,2015-01-25
26,Name_26,40,35567,HR,2015-01-26
27,Name_27,28,37000,Sales,2015-01-27
28,Name_28,61,41403,Engineering,2015-01-28
29,Name_29,64,87907,HR,2015-01-29
30,Name_30,41,39818,HR,2015-01-30
31,Name_31,45,52413,HR,2015-01-31
32,Name_32,24,36572,Engineering,2015-02-01
33,Name_33,69,95960,Engineering,2015-02-02
34,Name_34,34,65987,Marketing,2015-02-03
35,Name_35,52,114028,HR,2015-02-04
36,Name_36,52,36073,HR,2015-02-05
37,Name_37,48,42910,HR,2015-02-06
38,Name_38,38,32606,Sales,2015-02-07
39,Name_39,33,70155,HR,2015-02-08
40,Name_40,50,50308,Marketing,2015-02-09
41,Name_41,28,91440,Marketing,2015-02-10
42,Name_42,40,104969,Engineering,2015-02-11
43,Name_43,32,52252,Engineering,2015-02-12
44,Name_44,27,42917,Engineering,2015-02-13
45,Name_45,43,71030,Engineering,2015-02-14
46,Name_46,23,57698,Sales,2015-02-15
47,Name_47,20,61337,Marketing,2015-02-16
48,Name_48,23,61884,Sales,2015-02-17
49,Name_49,51,71171,Engineering,2015-02-18
50,Name_50,62,46941,HR,2015-02-19
51,Name_51,48,62793,HR,2015-02-20
52,Name_52,64,74330,HR,2015-02-21
53,Name_53,31,43881,Engineering,2015-02-22
54,Name_54,62,116750,HR,2015-02-23
55,Name_55,61,88255,Engineering,2015-02-24
56,Name_56,40,93907,HR,2015-02-25
57,Name_57,48,68612,Engineering,2015-02-26
58,Name_58,64,38853,Marketing,2015-02-27
59,Name_59,41,109845,Engineering,2015-02-28
60,Name_60,46,54720,Engineering,2015-03-01
61,Name_61,59,81726,Sales,2015-03-02
62,Name_62,35,43845,Sales,2015-03-03
63,Name_63,60,77590,Engineering,2015-03-04
64,Name_64,53,68790,Sales,2015-03-05
65,Name_65,37,62491,Marketing,2015-03-06
66,Name_66,63,44302,Sales,2015-03-07
67,Name_67,41,80948,Marketing,2015-03-08
68,Name_68,69,37409,Marketing,2015-03-09
69,Name_69,50,77658,Engineering,2015-03-10
70,Name_70,43,58926,HR,2015-03-11
71,Name_71,57,64028,Marketing,2015-03-12
72,Name_72,44,88619,Sales,2015-03-13
73,Name_73,36,114883,Sales,2015-03-14
74,Name_74,49,70181,Engineering,2015-03-15
75,Name_75,45,106202,HR,2015-03-16
76,Name_76,31,81703,HR,2015-03-17
77,Name_77,32,32994,HR,2015-03-18
78,Name_78,19,41456,Sales,2015-03-19
79,Name_79,18,45042,Engineering,2015-03-20
80,Name_80,31,47572,Sales,2015-03-21
81,Name_81,28,77296,Sales,2015-03-22
82,Name_82,29,118079,Sales,2015-03-23
83,Name_83,28,119174,HR,2015-03-24
84,Name_84,65,43119,Marketing,2015-03-25
85,Name_85,35,84013,Marketing,2015-03-26
86,Name_86,66,97976,Sales,2015-03-27
87,Name_87,50,103607,HR,2015-03-28
88,Name_88,56,91949,Engineering,2015-03-29
89,Name_89,52,54236,Engineering,2015-03-30
90,Name_90,49,93690,Sales,2015-03-31
91,Name_91,55,32107,HR,2015-04-01
92,Name_92,51,99398,Sales,2015-04-02
93,Name_93,27,38720,Engineering,2015-04-03
94,Name_94,66,89638,Engineering,2015-04-04
95,Name_95,61,109130,Sales,2015-04-05
96,Name_96,42,95758,Marketing,2015-04-06
97,Name_97,20,74011,Marketing,2015-04-07
98,Name_98,38,112165,Sales,2015-04-08
99,Name_99,43,110353,Sales,2015-04-09
100,Name_100,44,73764,Engineering,2015-04-10
101,Name_101,35,57259,Engineering,2015-04-11
102,Name_102,50,99201,Marketing,2015-04-12
103,Name_103,61,65079,Sales,2015-04-13
104,Name_104,23,113418,Marketing,2015-04-14
105,Name_105,28,77406,Marketing,2015-04-15
106,Name_106,65,77818,HR,2015-04-16
107,Name_107,67,83045,Sales,2015-04-17
108,Name_108,53,79221,HR,2015-04-18
109,Name_109,64,118374,Sales,2015-04-19
110,Name_110,20,54817,Marketing,2015-04-20
111,Name_111,50,63750,Sales,2015-04-21
112,Name_112,34,49675,Marketing,2015-04-22
113,Name_113,68,50398,Sales,2015-04-23
114,Name_114,64,60586,Sales,2015-04-24
115,Name_115,27,87817,Engineering,2015-04-25
116,Name_116,46,78860,Marketing,2015-04-26
117,Name_117,48,61068,HR,2015-04-27
118,Name_118,63,107782,HR,2015-04-28
119,Name_119,42,85607,HR,2015-04-29
120,Name_120,66,102434,Engineering,2015-04-30
121,Name_121,52,92644,Sales,2015-05-01
122,Name_122,29,81984,Marketing,2015-05-02
123,Name_123,31,104861,Engineering,2015-05-03
124,Name_124,45,35646,Engineering,2015-05-04
125,Name_125,31,93223,Engineering,2015-05-05
126,Name_126,55,45957,Sales,2015-05-06
127,Name_127,26,44971,Marketing,2015-05-07
128,Name_128,40,75328,Engineering,2015-05-08
129,Name_129,59,84321,Sales,2015-05-09
130,Name_130,47,75023,Sales,2015-05-10
131,Name_131,53,59080,HR,2015-05-11
132,Name_132,65,60617,Marketing,2015-05-12
133,Name_133,55,41262,HR,2015-05-13
134,Name_134,20,118854,Marketing,2015-05-14
135,Name_135,20,56122,Engineering,2015-05-15
136,Name_136,23,99716,Engineering,2015-05-16
137,Name_137,68,91591,Sales,2015-05-17
138,Name_138,31,88306,Engineering,2015-05-18
139,Name_139,37,72047,Sales,2015-05-19
140,Name_140,67,104724,HR,2015-05-20
141,Name_141,31,59471,Sales,2015-05-21
142,Name_142,46,82310,Sales,2015-05-22
143,Name_143,40,86336,HR,2015-05-23
144,Name_144,65,89949,Sales,2015-05-24
145,Name_145,57,95949,HR,2015-05-25
146,Name_146,53,74140,Sales,2015-05-26
147,Name_147,19,88456,Marketing,2015-05-27
148,Name_148,32,74558,Marketing,2015-05-28
149,Name_149,18,89624,Engineering,2015-05-29
150,Name_150,43,108915,Marketing,2015-05-30
151,Name_151,35,103742,HR,2015-05-31
152,Name_152,60,30469,HR,2015-06-01
153,Name_153,60,48687,Marketing,2015-06-02
154,Name_154,68,40826,Sales,2015-06-03
155,Name_155,55,66650,Sales,2015-06-04
156,Name_156,62,93401,Marketing,2015-06-05
157,Name_157,26,114191,HR,2015-06-06
158,Name_158,57,58011,Engineering,2015-06-07
159,Name_159,63,111082,Engineering,2015-06-08
160,Name_160,46,40571,HR,2015-06-09
161,Name_161,23,83947,HR,2015-06-10
162,Name_162,26,111021,Engineering,2015-06-11
163,Name_163,23,57635,HR,2015-06-12
164,Name_164,21,53244,Sales,2015-06-13
165,Name_165,18,77768,Sales,2015-06-14
166,Name_166,28,92510,Marketing,2015-06-15
167,Name_167,51,64308,HR,2015-06-16
168,Name_168,39,105268,Sales,2015-06-17
169,Name_169,44,82741,Engineering,2015-06-18
170,Name_170,32,88173,Sales,2015-06-19
171,Name_171,48,67656,HR,2015-06-20
172,Name_172,49,60266,Engineering,2015-06-21
173,Name_173,49,51120,Marketing,2015-06-22
174,Name_174,50,104828,HR,2015-06-23
175,Name_175,44,76887,HR,2015-06-24
176,Name_176,69,41036,Sales,2015-06-25
177,Name_177,37,89796,HR,2015-06-26
178,Name_178,20,34331,Sales,2015-06-27
179,Name_179,50,37088,Sales,2015-06-28
180,Name_180,28,103958,Marketing,2015-06-29
181,Name_181,36,83594,Sales,2015-06-30
182,Name_182,35,33167,Marketing,2015-07-01
183,Name_183,68,34258,HR,2015-07-02
184,Name_184,20,105127,Sales,2015-07-03
185,Name_185,58,82975,Sales,2015-07-04
186,Name_186,49,37922,Engineering,2015-07-05
187,Name_187,29,38081,Sales,2015-07-06
188,Name_188,54,39308,Sales,2015-07-07
189,Name_189,20,45069,HR,2015-07-08
190,Name_190,23,59236,Engineering,2015-07-09
191,Name_191,54,74966,Engineering,2015-07-10
192,Name_192,35,75269,Marketing,2015-07-11
193,Name_193,51,106405,HR,2015-07-12
194,Name_194,57,90175,Sales,2015-07-13
195,Name_195,34,96831,Marketing,2015-07-14
196,Name_196,52,56677,HR,2015-07-15
197,Name_197,51,44846,Marketing,2015-07-16
198,Name_198,57,36071,Sales,2015-07-17
199,Name_199,31,33757,Sales,2015-07-18
200,Name_200,63,88627,Marketing,2015-07-19
201,Name_201,39,83215,Sales,2015-07-20
202,Name_202,46,45843,Marketing,2015-07-21
203,Name_203,27,109530,Engineering,2015-07-22
204,Name_204,25,61204,Engineering,2015-07-23
205,Name_205,28,32826,Sales,2015-07-24
206,Name_206,32,101804,Marketing,2015-07-25
207,Name_207,35,117913,HR,2015-07-26
208,Name_208,39,48494,HR,2015-07-27
209,Name_209,43,76424,Engineering,2015-07-28
210,Name_210,65,60876,HR,2015-07-29
211,Name_211,35,49247,Marketing,2015-07-30
212,Name_212,60,105607,HR,2015-07-31
213,Name_213,40,83384,Sales,2015-08-01
214,Name_214,60,107197,Sales,2015-08-02
215,Name_215,62,93919,Marketing,2015-08-03
216,Name_216,19,92188,Sales,2015-08-04
217,Name_217,49,107340,HR,2015-08-05
218,Name_218,69,69676,HR,2015-08-06
219,Name_219,32,40348,Sales,2015-08-07
220,Name_220,57,98920,Sales,2015-08-08
221,Name_221,29,48615,Engineering,2015-08-09
222,Name_222,20,75617,HR,2015-08-10
223,Name_223,47,73856,Engineering,2015-08-11
224,Name_224,57,31619,Engineering,2015-08-12
225,Name_225,35,91350,Sales,2015-08-13
226,Name_226,53,36917,Engineering,2015-08-14
227,Name_227,33,100223,Marketing,2015-08-15
228,Name_228,67,82937,HR,2015-08-16
229,Name_229,55,117268,Marketing,2015-08-17
230,Name_230,59,92045,HR,2015-08-18
231,Name_231,19,108075,Sales,2015-08-19
232,Name_232,49,97710,HR,2015-08-20
233,Name_233,69,38953,Engineering,2015-08-21
234,Name_234,49,92948,Engineering,2015-08-22
235,Name_235,39,32346,Marketing,2015-08-23
236,Name_236,54,118237,Marketing,2015-08-24
237,Name_237,55,101150,Engineering,2015-08-25
238,Name_238,54,37757,Sales,2015-08-26
239,Name_239,31,81783,Sales,2015-08-27
240,Name_240,67,49099,Engineering,2015-08-28
241,Name_241,19,72819,Marketing,2015-08-29
242,Name_242,61,108885,Sales,2015-08-30
243,Name_243,41,111624,Engineering,2015-08-31
244,Name_244,48,97681,Engineering,2015-09-01
245,Name_245,40,114474,Sales,2015-09-02
246,Name_246,29,39386,HR,2015-09-03
247,Name_247,64,98967,Sales,2015-09-04
248,Name_248,58,60100,Engineering,2015-09-05
249,Name_249,20,65594,Engineering,2015-09-06
250,Name_250,59,95921,Sales,2015-09-07
251,Name_251,18,93850,Engineering,2015-09-08
252,Name_252,55,88315,Sales,2015-09-09
253,Name_253,55,40945,HR,2015-09-10
254,Name_254,69,57174,Sales,2015-09-11
255,Name_255,61,52796,Sales,2015-09-12
256,Name_256,20,58773,Engineering,2015-09-13
257,Name_257,68,106325,HR,2015-09-14
258,Name_258,18,116330,Marketing,2015-09-15
259,Name_259,38,68853,Marketing,2015-09-16
260,Name_260,18,113697,Marketing,2015-09-17
261,Name_261,69,104640,Sales,2015-09-18
262,Name_262,45,42180,Marketing,2015-09-19
263,Name_263,62,85111,Marketing,2015-09-20
264,Name_264,45,57018,HR,2015-09-21
265,Name_265,23,43699,Engineering,2015-09-22
266,Name_266,25,61886,HR,2015-09-23
267,Name_267,50,107132,Engineering,2015-09-24
268,Name_268,59,101300,Marketing,2015-09-25
269,Name_269,39,107271,Sales,2015-09-26
270,Name_270,40,116811,HR,2015-09-27
271,Name_271,23,65508,HR,2015-09-28
272,Name_272,22,108716,Sales,2015-09-29
273,Name_273,59,118158,Engineering,2015-09-30
274,Name_274,57,84592,Sales,2015-10-01
275,Name_275,64,34120,Marketing,2015-10-02
276,Name_276,52,92761,HR,2015-10-03
277,Name_277,40,107232,HR,2015-10-04
278,Name_278,53,44310,Sales,2015-10-05
279,Name_279,23,97467,Sales,2015-10-06
280,Name_280,27,96960,Marketing,2015-10-07
281,Name_281,60,95759,Marketing,2015-10-08
282,Name_282,50,44572,HR,2015-10-09
283,Name_283,31,114515,Sales,2015-10-10
284,Name_284,43,40739,Engineering,2015-10-11
285,Name_285,35,116418,HR,2015-10-12
286,Name_286,35,69349,Sales,2015-10-13
287,Name_287,24,55834,Sales,2015-10-14
288,Name_288,19,36027,Sales,2015-10-15
289,Name_289,39,75359,HR,2015-10-16
290,Name_290,60,117625,Engineering,2015-10-17
291,Name_291,46,51106,Engineering,2015-10-18
292,Name_292,40,50528,Marketing,2015-10-19
293,Name_293,49,99531,Sales,2015-10-20
294,Name_294,20,58033,Engineering,2015-10-21
295,Name_295,67,92426,Marketing,2015-10-22
296,Name_296,66,56752,Sales,2015-10-23
297,Name_297,65,50896,Marketing,2015-10-24
298,Name_298,44,51081,HR,2015-10-25
299,Name_299,40,83705,HR,2015-10-26
300,Name_300,27,46638,Marketing,2015-10-27
301,Name_301,29,118681,Sales,2015-10-28
302,Name_302,45,83836,Engineering,2015-10-29
303,Name_303,61,107561,HR,2015-10-30
304,Name_304,46,78497,Engineering,2015-10-31
305,Name_305,59,57209,HR,2015-11-01
306,Name_306,48,110792,Engineering,2015-11-02
307,Name_307,51,67267,HR,2015-11-03
308,Name_308,55,68142,Sales,2015-11-04
309,Name_309,62,35118,Engineering,2015-11-05
310,Name_310,60,57269,HR,2015-11-06
311,Name_311,45,47549,Marketing,2015-11-07
312,Name_312,34,110589,Engineering,2015-11-08
313,Name_313,22,101371,Marketing,2015-11-09
314,Name_314,22,105097,Marketing,2015-11-10
315,Name_315,27,98793,Engineering,2015-11-11
316,Name_316,38,73760,Sales,2015-11-12
317,Name_317,65,112749,Sales,2015-11-13
318,Name_318,41,102494,HR,2015-11-14
319,Name_319,61,49494,Marketing,2015-11-15
320,Name_320,65,118397,Engineering,2015-11-16
321,Name_321,28,104357,Engineering,2015-11-17
322,Name_322,47,114930,Engineering,2015-11-18
323,Name_323,59,60687,Engineering,2015-11-19
324,Name_324,59,41169,Sales,2015-11-20
325,Name_325,31,49282,Engineering,2015-11-21
326,Name_326,31,114018,Engineering,2015-11-22
327,Name_327,33,104633,Sales,2015-11-23
328,Name_328,37,39875,Engineering,2015-11-24
329,Name_329,49,67006,Marketing,2015-11-25
330,Name_330,46,68670,Sales,2015-11-26
331,Name_331,63,53008,Sales,2015-11-27
332,Name_332,67,81460,Marketing,2015-11-28
333,Name_333,25,61354,Marketing,2015-11-29
334,Name_334,39,111662,HR,2015-11-30
335,Name_335,40,71481,Marketing,2015-12-01
336,Name_336,36,90725,Engineering,2015-12-02
337,Name_337,44,70268,HR,2015-12-03
338,Name_338,35,93065,Engineering,2015-12-04
339,Name_339,51,113850,Engineering,2015-12-05
340,Name_340,55,37984,Sales,2015-12-06
341,Name_341,43,116679,Sales,2015-12-07
342,Name_342,69,88371,Marketing,2015-12-08
343,Name_343,65,108956,Sales,2015-12-09
344,Name_344,35,76453,Engineering,2015-12-10
345,Name_345,29,79865,Marketing,2015-12-11
346,Name_346,32,37417,Marketing,2015-12-12
347,Name_347,62,82641,Sales,2015-12-13
348,Name_348,28,46678,Marketing,2015-12-14
349,Name_349,33,49478,Sales,2015-12-15
350,Name_350,60,52718,Marketing,2015-12-16
351,Name_351,63,67097,Engineering,2015-12-17
352,Name_352,33,84717,Marketing,2015-12-18
353,Name_353,63,69773,Marketing,2015-12-19
354,Name_354,23,109947,HR,2015-12-20
355,Name_355,61,46533,Engineering,2015-12-21
356,Name_356,27,108557,HR,2015-12-22
357,Name_357,45,108842,Engineering,2015-12-23
358,Name_358,24,78903,Engineering,2015-12-24
359,Name_359,25,32234,Marketing,2015-12-25
360,Name_360,52,107240,Engineering,2015-12-26
361,Name_361,62,34379,HR,2015-12-27
362,Name_362,21,64732,Engineering,2015-12-28
363,Name_363,29,94991,Engineering,2015-12-29
364,Name_364,24,32685,Engineering,2015-12-30
365,Name_365,31,87155,Engineering,2015-12-31
366,Name_366,47,39695,Marketing,2016-01-01
367,Name_367,61,112105,HR,2016-01-02
368,Name_368,62,79356,Engineering,2016-01-03
369,Name_369,37,96521,Engineering,2016-01-04
370,Name_370,27,55800,Sales,2016-01-05
371,Name_371,30,72527,Engineering,2016-01-06
372,Name_372,67,67357,Engineering,2016-01-07
373,Name_373,24,38583,Marketing,2016-01-08
374,Name_374,30,60035,Engineering,2016-01-09
375,Name_375,32,68724,Sales,2016-01-10
376,Name_376,66,111873,Engineering,2016-01-11
377,Name_377,22,63363,Engineering,2016-01-12
378,Name_378,30,69258,Engineering,2016-01-13
379,Name_379,68,57449,Marketing,2016-01-14
380,Name_380,24,81618,Engineering,2016-01-15
381,Name_381,29,84348,Marketing,2016-01-16
382,Name_382,43,86298,Marketing,2016-01-17
383,Name_383,35,74623,Engineering,2016-01-18
384,Name_384,42,44278,Sales,2016-01-19
385,Name_385,38,53990,Sales,2016-01-20
386,Name_386,25,76211,Engineering,2016-01-21
387,Name_387,44,77606,HR,2016-01-22
388,Name_388,51,37537,Sales,2016-01-23
389,Name_389,27,61284,Sales,2016-01-24
390,Name_390,65,42826,Marketing,2016-01-25
391,Name_391,46,81268,HR,2016-01-26
392,Name_392,21,30779,HR,2016-01-27
393,Name_393,69,111410,Marketing,2016-01-28
394,Name_394,25,117476,HR,2016-01-29
395,Name_395,45,53806,Engineering,2016-01-30
396,Name_396,25,112618,Engineering,2016-01-31
397,Name_397,53,75249,HR,2016-02-01
398,Name_398,68,40661,HR,2016-02-02
399,Name_399,37,95955,Marketing,2016-02-03
400,Name_400,32,72428,HR,2016-02-04
401,Name_401,41,104343,Engineering,2016-02-05
402,Name_402,39,94559,Sales,2016-02-06
403,Name_403,20,104776,Sales,2016-02-07
404,Name_404,43,77295,Sales,2016-02-08
405,Name_405,47,68315,Marketing,2016-02-09
406,Name_406,60,35598,Marketing,2016-02-10
407,Name_407,67,114289,Engineering,2016-02-11
408,Name_408,62,68933,Marketing,2016-02-12
409,Name_409,49,66445,Engineering,2016-02-13
410,Name_410,58,57208,HR,2016-02-14
411,Name_411,45,89254,Sales,2016-02-15
412,Name_412,40,49601,Engineering,2016-02-16
413,Name_413,21,41273,HR,2016-02-17
414,Name_414,62,115705,Engineering,2016-02-18
415,Name_415,68,56701,HR,2016-02-19
416,Name_416,49,74610,Sales,2016-02-20
417,Name_417,41,45342,Marketing,2016-02-21
418,Name_418,28,55544,Marketing,2016-02-22
419,Name_419,64,47675,Sales,2016-02-23
420,Name_420,62,87647,HR,2016-02-24
421,Name_421,40,75526,Marketing,2016-02-25
422,Name_422,18,42441,Marketing,2016-02-26
423,Name_423,64,75910,Marketing,2016-02-27
424,Name_424,47,70296,Sales,2016-02-28
425,Name_425,67,86305,Engineering,2016-02-29
426,Name_426,18,81325,Engineering,2016-03-01
427,Name_427,34,107782,Sales,2016-03-02
428,Name_428,50,50784,HR,2016-03-03
429,Name_429,32,53867,HR,2016-03-04
430,Name_430,69,79158,HR,2016-03-05
431,Name_431,66,91699,Marketing,2016-03-06
432,Name_432,22,43981,Marketing,2016-03-07
433,Name_433,65,32021,Sales,2016-03-08
434,Name_434,54,105738,Marketing,2016-03-09
435,Name_435,55,94707,HR,2016-03-10
436,Name_436,45,54719,HR,2016-03-11
437,Name_437,64,118598,Sales,2016-03-12
438,Name_438,20,114151,Marketing,2016-03-13
439,Name_439,67,44693,HR,2016-03-14
440,Name_440,19,64350,Sales,2016-03-15
441,Name_441,59,56407,Engineering,2016-03-16
442,Name_442,57,85091,Marketing,2016-03-17
443,Name_443,41,66961,HR,2016-03-18
444,Name_444,33,81811,Engineering,2016-03-19
445,Name_445,20,116219,Engineering,2016-03-20
446,Name_446,26,55549,Sales,2016-03-21
447,Name_447,41,107835,Engineering,2016-03-22
448,Name_448,25,101931,Sales,2016-03-23
449,Name_449,53,67521,Sales,2016-03-24
450,Name_450,44,63982,Marketing,2016-03-25
451,Name_451,36,100468,Marketing,2016-03-26
452,Name_452,45,58566,Engineering,2016-03-27
453,Name_453,49,111258,HR,2016-03-28
454,Name_454,36,93557,Marketing,2016-03-29
455,Name_455,67,103640,HR,2016-03-30
456,Name_456,55,49951,Engineering,2016-03-31
457,Name_457,31,58413,HR,2016-04-01
458,Name_458,19,41190,Engineering,2016-04-02
459,Name_459,18,30192,Engineering,2016-04-03
460,Name_460,42,76434,HR,2016-04-04
461,Name_461,62,48186,HR,2016-04-05
462,Name_462,45,31408,Sales,2016-04-06
463,Name_463,27,62114,Engineering,2016-04-07
464,Name_464,40,89118,Engineering,2016-04-08
465,Name_465,19,49621,HR,2016-04-09
466,Name_466,62,114970,Engineering,2016-04-10
467,Name_467,31,45212,Engineering,2016-04-11
468,Name_468,54,45497,Engineering,2016-04-12
469,Name_469,66,41389,Engineering,2016-04-13
470,Name_470,33,81889,Sales,2016-04-14
471,Name_471,65,99103,Sales,2016-04-15
472,Name_472,46,31037,HR,2016-04-16
473,Name_473,39,61435,Engineering,2016-04-17
474,Name_474,63,30967,HR,2016-04-18
475,Name_475,27,114430,Sales,2016-04-19
476,Name_476,57,35677,Sales,2016-04-20
477,Name_477,30,60431,Sales,2016-04-21
478,Name_478,68,90915,Engineering,2016-04-22
479,Name_479,58,97941,Marketing,2016-04-23
480,Name_480,45,63315,Marketing,2016-04-24
481,Name_481,26,49681,Sales,2016-04-25
482,Name_482,19,43438,Engineering,2016-04-26
483,Name_483,66,43441,Marketing,2016-04-27
484,Name_484,32,67619,Sales,2016-04-28
485,Name_485,51,49220,Marketing,2016-04-29
486,Name_486,39,83312,Engineering,2016-04-30
487,Name_487,49,54029,HR,2016-05-01
488,Name_488,53,71675,HR,2016-05-02
489,Name_489,18,79346,Sales,2016-05-03
490,Name_490,28,119014,Marketing,2016-05-04
491,Name_491,39,57800,Marketing,2016-05-05
492,Name_492,44,32320,Sales,2016-05-06
493,Name_493,43,57626,Sales,2016-05-07
494,Name_494,27,90789,HR,2016-05-08
495,Name_495,53,36524,Marketing,2016-05-09
496,Name_496,46,57759,Engineering,2016-05-10
497,Name_497,26,41349,Engineering,2016-05-11
498,Name_498,49,80930,HR,2016-05-12
499,Name_499,18,79904,HR,2016-05-13
500,Name_500,52,91710,Marketing,2016-05-14
501,Name_501,60,81134,HR,2016-05-15
502,Name_502,44,60637,Marketing,2016-05-16
503,Name_503,20,59506,Sales,2016-05-17
504,Name_504,40,45460,HR,2016-05-18
505,Name_505,51,87218,HR,2016-05-19
506,Name_506,67,36690,Engineering,2016-05-20
507,Name_507,57,104568,Sales,2016-05-21
508,Name_508,61,73854,Sales,2016-05-22
509,Name_509,48,34744,Engineering,2016-05-23
510,Name_510,63,119994,Sales,2016-05-24
511,Name_511,31,98884,Marketing,2016-05-25
512,Name_512,42,111221,HR,2016-05-26
513,Name_513,41,92849,Marketing,2016-05-27
514,Name_514,45,118156,Engineering,2016-05-28
515,Name_515,51,103600,HR,2016-05-29
516,Name_516,33,51654,Marketing,2016-05-30
517,Name_517,43,73100,Sales,2016-05-31
518,Name_518,36,68330,HR,2016-06-01
519,Name_519,51,76589,Sales,2016-06-02
520,Name_520,40,39521,Marketing,2016-06-03
521,Name_521,60,43985,HR,2016-06-04
522,Name_522,41,53141,Engineering,2016-06-05
523,Name_523,34,55094,Engineering,2016-06-06
524,Name_524,42,64081,Marketing,2016-06-07
525,Name_525,55,90144,Engineering,2016-06-08
526,Name_526,60,38019,Sales,2016-06-09
527,Name_527,54,39939,HR,2016-06-10
528,Name_528,22,55637,Marketing,2016-06-11
529,Name_529,43,91673,Sales,2016-06-12
530,Name_530,41,62741,Marketing,2016-06-13
531,Name_531,27,50051,HR,2016-06-14
532,Name_532,65,87862,HR,2016-06-15
533,Name_533,69,111076,Engineering,2016-06-16
534,Name_534,46,107534,HR,2016-06-17
535,Name_535,21,50097,Engineering,2016-06-18
536,Name_536,67,106637,Engineering,2016-06-19
537,Name_537,58,90591,HR,2016-06-20
538,Name_538,31,64915,Engineering,2016-06-21
539,Name_539,42,93671,Engineering,2016-06-22
540,Name_540,66,117205,Sales,2016-06-23
541,Name_541,48,45037,Engineering,2016-06-24
542,Name_542,55,74430,Marketing,2016-06-25
543,Name_543,41,113884,Engineering,2016-06-26
544,Name_544,27,75868,HR,2016-06-27
545,Name_545,57,91221,HR,2016-06-28
546,Name_546,52,108695,Sales,2016-06-29
547,Name_547,35,76219,Sales,2016-06-30
548,Name_548,36,62823,Marketing,2016-07-01
549,Name_549,57,44913,Engineering,2016-07-02
550,Name_550,41,54686,HR,2016-07-03
551,Name_551,47,42421,Marketing,2016-07-04
552,Name_552,31,39236,HR,2016-07-05
553,Name_553,57,47619,HR,2016-07-06
554,Name_554,56,88283,Engineering,2016-07-07
555,Name_555,40,63045,Engineering,2016-07-08
556,Name_556,23,61893,Engineering,2016-07-09
557,Name_557,27,57042,Sales,2016-07-10
558,Name_558,51,80053,Engineering,2016-07-11
559,Name_559,28,49947,Sales,2016-07-12
560,Name_560,67,82560,HR,2016-07-13
561,Name_561,54,67686,Marketing,2016-07-14
562,Name_562,51,31701,Sales,2016-07-15
563,Name_563,44,97921,Engineering,2016-07-16
564,Name_564,50,71591,Sales,2016-07-17
565,Name_565,46,89309,Engineering,2016-07-18
566,Name_566,48,55269,Sales,2016-07-19
567,Name_567,45,31558,Marketing,2016-07-20
568,Name_568,25,40196,HR,2016-07-21
569,Name_569,28,33559,Marketing,2016-07-22
570,Name_570,25,64103,HR,2016-07-23
571,Name_571,27,104076,HR,2016-07-24
572,Name_572,45,112991,Engineering,2016-07-25
573,Name_573,29,52519,Marketing,2016-07-26
574,Name_574,22,104817,Sales,2016-07-27
575,Name_575,22,118563,Sales,2016-07-28
576,Name_576,28,73626,Marketing,2016-07-29
577,Name_577,48,58138,Engineering,2016-07-30
578,Name_578,39,51329,HR,2016-07-31
579,Name_579,40,86532,Sales,2016-08-01
580,Name_580,26,60936,Engineering,2016-08-02
581,Name_581,26,100918,Marketing,2016-08-03
582,Name_582,37,32152,Engineering,2016-08-04
583,Name_583,46,87333,Engineering,2016-08-05
584,Name_584,66,45815,HR,2016-08-06
585,Name_585,23,118755,Sales,2016-08-07
586,Name_586,51,56785,Sales,2016-08-08
587,Name_587,65,99870,Engineering,2016-08-09
588,Name_588,45,33681,Marketing,2016-08-10
589,Name_589,45,85628,Engineering,2016-08-11
590,Name_590,47,70283,HR,2016-08-12
591,Name_591,46,93023,Marketing,2016-08-13
592,Name_592,38,41013,HR,2016-08-14
593,Name_593,44,48322,HR,2016-08-15
594,Name_594,25,77588,HR,2016-08-16
595,Name_595,68,50243,Engineering,2016-08-17
596,Name_596,23,76276,Engineering,2016-08-18
597,Name_597,21,58239,Marketing,2016-08-19
598,Name_598,52,37335,HR,2016-08-20
599,Name_599,21,108010,Sales,2016-08-21
600,Name_600,51,99181,Marketing,2016-08-22
601,Name_601,38,95504,Sales,2016-08-23
602,Name_602,46,108474,Sales,2016-08-24
603,Name_603,63,42115,Sales,2016-08-25
604,Name_604,47,68344,HR,2016-08-26
605,Name_605,39,52549,Engineering,2016-08-27
606,Name_606,62,74865,Engineering,2016-08-28
607,Name_607,35,92641,Sales,2016-08-29
608,Name_608,27,45033,Sales,2016-08-30
609,Name_609,42,64761,Marketing,2016-08-31
610,Name_610,57,112452,Marketing,2016-09-01
611,Name_611,44,92797,Sales,2016-09-02
612,Name_612,25,54503,Marketing,2016-09-03
613,Name_613,58,54020,Sales,2016-09-04
614,Name_614,67,90428,Sales,2016-09-05
615,Name_615,41,109164,HR,2016-09-06
616,Name_616,69,58710,HR,2016-09-07
617,Name_617,61,36085,Marketing,2016-09-08
618,Name_618,24,101747,HR,2016-09-09
619,Name_619,27,69347,HR,2016-09-10
620,Name_620,36,80972,Marketing,2016-09-11
621,Name_621,65,100609,HR,2016-09-12
622,Name_622,38,97518,Marketing,2016-09-13
623,Name_623,41,82896,Marketing,2016-09-14
624,Name_624,64,110050,Sales,2016-09-15
625,Name_625,49,101564,Marketing,2016-09-16
626,Name_626,24,112661,HR,2016-09-17
627,Name_627,30,96998,Engineering,2016-09-18
628,Name_628,61,65882,HR,2016-09-19
629,Name_629,40,110347,HR,2016-09-20
630,Name_630,59,107765,Engineering,2016-09-21
631,Name_631,23,44438,Sales,2016-09-22
632,Name_632,57,79597,Engineering,2016-09-23
633,Name_633,40,60601,Marketing,2016-09-24
634,Name_634,20,77243,Marketing,2016-09-25
635,Name_635,48,43440,Engineering,2016-09-26
636,Name_636,66,59462,Marketing,2016-09-27
637,Name_637,33,77919,HR,2016-09-28
638,Name_638,64,65494,Marketing,2016-09-29
639,Name_639,50,72973,HR,2016-09-30
640,Name_640,25,107520,HR,2016-10-01
641,Name_641,22,40060,Engineering,2016-10-02
642,Name_642,39,100394,Sales,2016-10-03
643,Name_643,58,106421,Sales,2016-10-04
644,Name_644,65,63896,Engineering,2016-10-05
645,Name_645,66,119226,Marketing,2016-10-06
646,Name_646,44,41850,Marketing,2016-10-07
647,Name_647,26,104620,Marketing,2016-10-08
648,Name_648,52,80576,Marketing,2016-10-09
649,Name_649,59,51814,Engineering,2016-10-10
650,Name_650,35,75125,HR,2016-10-11
651,Name_651,58,34542,Sales,2016-10-12
652,Name_652,49,36875,Sales,2016-10-13
653,Name_653,53,85890,Engineering,2016-10-14
654,Name_654,36,87503,HR,2016-10-15
655,Name_655,69,100391,Sales,2016-10-16
656,Name_656,48,90194,Engineering,2016-10-17
657,Name_657,54,64381,HR,2016-10-18
658,Name_658,35,70677,Marketing,2016-10-19
659,Name_659,34,79717,Sales,2016-10-20
660,Name_660,31,102747,Engineering,2016-10-21
661,Name_661,46,112294,Marketing,2016-10-22
662,Name_662,22,82056,Marketing,2016-10-23
663,Name_663,19,89025,Sales,2016-10-24
664,Name_664,65,68589,HR,2016-10-25
665,Name_665,47,92142,Marketing,2016-10-26
666,Name_666,42,43001,Marketing,2016-10-27
667,Name_667,51,98484,Engineering,2016-10-28
668,Name_668,51,66241,Sales,2016-10-29
669,Name_669,33,68237,Sales,2016-10-30
670,Name_670,37,54171,Sales,2016-10-31
671,Name_671,33,108198,Sales,2016-11-01
672,Name_672,54,96372,Sales,2016-11-02
673,Name_673,69,34521,HR,2016-11-03
674,Name_674,64,93142,HR,2016-11-04
675,Name_675,51,80612,Sales,2016-11-05
676,Name_676,24,41325,HR,2016-11-06
677,Name_677,42,36262,Marketing,2016-11-07
678,Name_678,69,45027,Marketing,2016-11-08
679,Name_679,49,111867,Engineering,2016-11-09
680,Name_680,23,75594,Marketing,2016-11-10
681,Name_681,34,44362,Sales,2016-11-11
682,Name_682,49,99286,Marketing,2016-11-12
683,Name_683,42,59221,Sales,2016-11-13
684,Name_684,37,116639,Sales,2016-11-14
685,Name_685,32,46900,Marketing,2016-11-15
686,Name_686,42,64506,Engineering,2016-11-16
687,Name_687,66,107978,HR,2016-11-17
688,Name_688,61,54446,Marketing,2016-11-18
689,Name_689,48,117494,Marketing,2016-11-19
690,Name_690,54,119625,Engineering,2016-11-20
691,Name_691,55,49791,Engineering,2016-11-21
692,Name_692,51,30596,Marketing,2016-11-22
693,Name_693,33,39440,Sales,2016-11-23
694,Name_694,40,115608,Marketing,2016-11-24
695,Name_695,27,100503,Marketing,2016-11-25
696,Name_696,53,30688,Marketing,2016-11-26
697,Name_697,32,39285,HR,2016-11-27
698,Name_698,35,63293,Sales,2016-11-28
699,Name_699,54,87990,HR,2016-11-29
700,Name_700,30,42338,Engineering,2016-11-30
701,Name_701,68,52304,Engineering,2016-12-01
702,Name_702,32,101482,Sales,2016-12-02
703,Name_703,34,33417,Engineering,2016-12-03
704,Name_704,21,55668,HR,2016-12-04
705,Name_705,47,117946,Sales,2016-12-05
706,Name_706,66,93558,Marketing,2016-12-06
707,Name_707,68,44888,Engineering,2016-12-07
708,Name_708,64,91334,HR,2016-12-08
709,Name_709,38,105723,HR,2016-12-09
710,Name_710,25,99576,Engineering,2016-12-10
711,Name_711,38,32427,HR,2016-12-11
712,Name_712,58,58821,Sales,2016-12-12
713,Name_713,67,68680,Sales,2016-12-13
714,Name_714,58,98547,HR,2016-12-14
715,Name_715,52,64103,Marketing,2016-12-15
716,Name_716,32,73028,Sales,2016-12-16
717,Name_717,61,68792,Engineering,2016-12-17
718,Name_718,25,90402,HR,2016-12-18
719,Name_719,40,115707,Engineering,2016-12-19
720,Name_720,61,115183,Marketing,2016-12-20
721,Name_721,24,54082,HR,2016-12-21
722,Name_722,48,57995,Engineering,2016-12-22
723,Name_723,54,78805,Marketing,2016-12-23
724,Name_724,37,110928,Engineering,2016-12-24
725,Name_725,50,51774,HR,2016-12-25
726,Name_726,47,78613,Sales,2016-12-26
727,Name_727,68,113053,Marketing,2016-12-27
728,Name_728,20,88914,HR,2016-12-28
729,Name_729,35,54467,Marketing,2016-12-29
730,Name_730,56,59325,Sales,2016-12-30
731,Name_731,63,91647,Sales,2016-12-31
732,Name_732,42,108722,HR,2017-01-01
733,Name_733,34,37359,Marketing,2017-01-02
734,Name_734,64,45977,Marketing,2017-01-03
735,Name_735,68,114380,Sales,2017-01-04
736,Name_736,54,30461,Engineering,2017-01-05
737,Name_737,64,35272,Sales,2017-01-06
738,Name_738,60,64566,Sales,2017-01-07
739,Name_739,28,41416,Engineering,2017-01-08
740,Name_740,20,68185,HR,2017-01-09
741,Name_741,44,102328,Sales,2017-01-10
742,Name_742,25,59091,Engineering,2017-01-11
743,Name_743,46,105271,Marketing,2017-01-12
744,Name_744,61,74172,Marketing,2017-01-13
745,Name_745,58,112100,HR,2017-01-14
746,Name_746,54,68586,HR,2017-01-15
747,Name_747,49,46615,Sales,2017-01-16
748,Name_748,65,67246,Engineering,2017-01-17
749,Name_749,45,83580,Marketing,2017-01-18
750,Name_750,67,90748,Engineering,2017-01-19
751,Name_751,36,35531,Marketing,2017-01-20
752,Name_752,42,82381,Sales,2017-01-21
753,Name_753,28,44511,HR,2017-01-22
754,Name_754,22,98263,Engineering,2017-01-23
755,Name_755,21,36250,HR,2017-01-24
756,Name_756,30,46015,HR,2017-01-25
757,Name_757,20,83224,HR,2017-01-26
758,Name_758,69,35518,Engineering,2017-01-27
759,Name_759,22,83655,Sales,2017-01-28
760,Name_760,42,89725,Sales,2017-01-29
761,Name_761,31,78853,Sales,2017-01-30
762,Name_762,49,34204,HR,2017-01-31
763,Name_763,45,104506,Marketing,2017-02-01
764,Name_764,48,49636,Engineering,2017-02-02
765,Name_765,39,83766,Sales,2017-02-03
766,Name_766,63,66359,Marketing,2017-02-04
767,Name_767,36,60486,Sales,2017-02-05
768,Name_768,27,44658,Engineering,2017-02-06
769,Name_769,21,69220,Marketing,2017-02-07
770,Name_770,57,70347,Marketing,2017-02-08
771,Name_771,57,98064,Marketing,2017-02-09
772,Name_772,61,34821,HR,2017-02-10
773,Name_773,55,64008,Engineering,2017-02-11
774,Name_774,63,30095,Marketing,2017-02-12
775,Name_775,65,80829,Sales,2017-02-13
776,Name_776,40,56575,Sales,2017-02-14
777,Name_777,55,100011,HR,2017-02-15
778,Name_778,64,63494,Marketing,2017-02-16
779,Name_779,47,79525,Engineering,2017-02-17
780,Name_780,58,86204,Engineering,2017-02-18
781,Name_781,40,71328,Marketing,2017-02-19
782,Name_782,56,87635,Engineering,2017-02-20
783,Name_783,21,72850,HR,2017-02-21
784,Name_784,41,95960,Sales,2017-02-22
785,Name_785,47,89503,HR,2017-02-23
786,Name_786,33,101566,Engineering,2017-02-24
787,Name_787,52,57658,Engineering,2017-02-25
788,Name_788,46,62129,Sales,2017-02-26
789,Name_789,68,55628,Engineering,2017-02-27
790,Name_790,60,101163,HR,2017-02-28
791,Name_791,43,78174,Sales,2017-03-01
792,Name_792,32,112575,Marketing,2017-03-02
793,Name_793,23,111813,HR,2017-03-03
794,Name_794,67,59986,Engineering,2017-03-04
795,Name_795,52,83221,Marketing,2017-03-05
796,Name_796,23,95136,Sales,2017-03-06
797,Name_797,33,35547,Engineering,2017-03-07
798,Name_798,20,112616,HR,2017-03-08
799,Name_799,58,67125,Marketing,2017-03-09
800,Name_800,28,114227,Engineering,2017-03-10
801,Name_801,22,85276,Engineering,2017-03-11
802,Name_802,29,45956,Sales,2017-03-12
803,Name_803,36,33040,Engineering,2017-03-13
804,Name_804,61,64166,Marketing,2017-03-14
805,Name_805,20,52284,Engineering,2017-03-15
806,Name_806,21,81998,Sales,2017-03-16
807,Name_807,27,56059,Engineering,2017-03-17
808,Name_808,43,55762,Sales,2017-03-18
809,Name_809,18,117312,Marketing,2017-03-19
810,Name_810,51,73396,Sales,2017-03-20
811,Name_811,18,39995,Engineering,2017-03-21
812,Name_812,53,31720,Engineering,2017-03-22
813,Name_813,29,88230,HR,2017-03-23
814,Name_814,18,43002,Marketing,2017-03-24
815,Name_815,61,58014,Engineering,2017-03-25
816,Name_816,21,81347,HR,2017-03-26
817,Name_817,42,64824,Sales,2017-03-27
818,Name_818,68,116339,Sales,2017-03-28
819,Name_819,62,78820,Engineering,2017-03-29
820,Name_820,30,76160,Sales,2017-03-30
821,Name_821,49,101879,Marketing,2017-03-31
822,Name_822,41,98841,HR,2017-04-01
823,Name_823,59,102042,Sales,2017-04-02
824,Name_824,39,51657,HR,2017-04-03
825,Name_825,60,37073,Sales,2017-04-04
826,Name_826,23,53592,Sales,2017-04-05
827,Name_827,66,84355,Marketing,2017-04-06
828,Name_828,53,80324,HR,2017-04-07
829,Name_829,69,35060,Marketing,2017-04-08
830,Name_830,54,53902,Marketing,2017-04-09
831,Name_831,61,51047,Sales,2017-04-10
832,Name_832,54,58011,HR,2017-04-11
833,Name_833,38,95442,Marketing,2017-04-12
834,Name_834,61,67695,HR,2017-04-13
835,Name_835,69,73602,Sales,2017-04-14
836,Name_836,35,86617,Sales,2017-04-15
837,Name_837,63,86725,Marketing,2017-04-16
838,Name_838,50,107017,Marketing,2017-04-17
839,Name_839,57,103370,Sales,2017-04-18
840,Name_840,36,37260,Marketing,2017-04-19
841,Name_841,60,70885,Marketing,2017-04-20
842,Name_842,20,87513,HR,2017-04-21
843,Name_843,21,94434,Engineering,2017-04-22
844,Name_844,50,34100,Sales,2017-04-23
845,Name_845,46,32478,Marketing,2017-04-24
846,Name_846,54,96468,Engineering,2017-04-25
847,Name_847,63,77948,HR,2017-04-26
848,Name_848,62,37864,Engineering,2017-04-27
849,Name_849,52,78211,HR,2017-04-28
850,Name_850,55,59409,HR,2017-04-29
851,Name_851,55,39201,Marketing,2017-04-30
852,Name_852,67,46682,Sales,2017-05-01
853,Name_853,40,59389,Engineering,2017-05-02
854,Name_854,54,68157,Marketing,2017-05-03
855,Name_855,57,72445,HR,2017-05-04
856,Name_856,20,48449,Sales,2017-05-05
857,Name_857,44,78056,Engineering,2017-05-06
858,Name_858,33,99470,Engineering,2017-05-07
859,Name_859,33,34114,Sales,2017-05-08
860,Name_860,65,38109,Engineering,2017-05-09
861,Name_861,44,92951,HR,2017-05-10
862,Name_862,56,84182,Engineering,2017-05-11
863,Name_863,21,105977,Engineering,2017-05-12
864,Name_864,56,75543,Marketing,2017-05-13
865,Name_865,63,84328,Engineering,2017-05-14
866,Name_866,66,112491,Marketing,2017-05-15
867,Name_867,40,38823,Sales,2017-05-16
868,Name_868,25,67964,Marketing,2017-05-17
869,Name_869,63,70688,HR,2017-05-18
870,Name_870,58,107533,HR,2017-05-19
871,Name_871,65,69607,HR,2017-05-20
872,Name_872,53,67949,Sales,2017-05-21
873,Name_873,69,107659,Engineering,2017-05-22
874,Name_874,31,92522,HR,2017-05-23
875,Name_875,57,106889,Marketing,2017-05-24
876,Name_876,49,71838,Marketing,2017-05-25
877,Name_877,19,119169,Marketing,2017-05-26
878,Name_878,47,84586,Marketing,2017-05-27
879,Name_879,51,85369,Marketing,2017-05-28
880,Name_880,38,98299,HR,2017-05-29
881,Name_881,61,59319,Sales,2017-05-30
882,Name_882,31,45265,Engineering,2017-05-31
883,Name_883,48,32491,HR,2017-06-01
884,Name_884,28,69742,Marketing,2017-06-02
885,Name_885,50,53622,Sales,2017-06-03
886,Name_886,57,66414,Marketing,2017-06-04
887,Name_887,20,48425,Sales,2017-06-05
888,Name_888,45,101680,Sales,2017-06-06
889,Name_889,48,41113,HR,2017-06-07
890,Name_890,60,109254,Sales,2017-06-08
891,Name_891,69,86578,Marketing,2017-06-09
892,Name_892,59,101606,Engineering,2017-06-10
893,Name_893,57,75626,Engineering,2017-06-11
894,Name_894,48,41118,Engineering,2017-06-12
895,Name_895,27,33073,Engineering,2017-06-13
896,Name_896,33,105559,Marketing,2017-06-14
897,Name_897,67,72325,HR,2017-06-15
898,Name_898,51,98820,Engineering,2017-06-16
899,Name_899,68,91889,Marketing,2017-06-17
900,Name_900,22,69160,HR,2017-06-18
901,Name_901,39,113573,HR,2017-06-19
902,Name_902,60,115205,Sales,2017-06-20
903,Name_903,60,106560,HR,2017-06-21
904,Name_904,24,86867,Sales,2017-06-22
905,Name_905,28,49875,Sales,2017-06-23
906,Name_906,49,61031,Sales,2017-06-24
907,Name_907,21,110249,Engineering,2017-06-25
908,Name_908,51,56974,Sales,2017-06-26
909,Name_909,56,59675,Engineering,2017-06-27
910,Name_910,61,91733,Marketing,2017-06-28
911,Name_911,24,40967,Engineering,2017-06-29
912,Name_912,40,92045,Engineering,2017-06-30
913,Name_913,65,85823,HR,2017-07-01
914,Name_914,49,37974,Sales,2017-07-02
915,Name_915,42,109925,Engineering,2017-07-03
916,Name_916,30,79210,Marketing,2017-07-04
917,Name_917,64,114309,HR,2017-07-05
918,Name_918,23,116362,HR,2017-07-06
919,Name_919,21,82397,Sales,2017-07-07
920,Name_920,30,61289,HR,2017-07-08
921,Name_921,58,75239,HR,2017-07-09
922,Name_922,68,101132,Marketing,2017-07-10
923,Name_923,49,106148,Marketing,2017-07-11
924,Name_924,59,55961,Marketing,2017-07-12
925,Name_925,21,69994,Sales,2017-07-13
926,Name_926,36,80451,Sales,2017-07-14
927,Name_927,42,47861,Engineering,2017-07-15
928,Name_928,22,45375,Sales,2017-07-16
929,Name_929,29,86348,Sales,2017-07-17
930,Name_930,25,85211,HR,2017-07-18
931,Name_931,30,85301,HR,2017-07-19
932,Name_932,38,93740,Engineering,2017-07-20
933,Name_933,25,113544,HR,2017-07-21
934,Name_934,34,49448,HR,2017-07-22
935,Name_935,51,100079,HR,2017-07-23
936,Name_936,38,38427,Marketing,2017-07-24
937,Name_937,34,40266,Engineering,2017-07-25
938,Name_938,40,70518,Sales,2017-07-26
939,Name_939,42,75007,Engineering,2017-07-27
940,Name_940,36,47156,Engineering,2017-07-28
941,Name_941,43,31773,Marketing,2017-07-29
942,Name_942,28,80202,Sales,2017-07-30
943,Name_943,19,30753,Marketing,2017-07-31
944,Name_944,69,70289,Engineering,2017-08-01
945,Name_945,49,100305,Sales,2017-08-02
946,Name_946,20,100797,Marketing,2017-08-03
947,Name_947,51,84467,Sales,2017-08-04
948,Name_948,66,56067,Sales,2017-08-05
949,Name_949,60,73339,HR,2017-08-06
950,Name_950,65,49499,Marketing,2017-08-07
951,Name_951,22,62339,Marketing,2017-08-08
952,Name_952,28,80194,HR,2017-08-09
953,Name_953,19,89629,HR,2017-08-10
954,Name_954,39,115150,Engineering,2017-08-11
955,Name_955,49,113899,Sales,2017-08-12
956,Name_956,53,41198,Marketing,2017-08-13
957,Name_957,45,95701,Marketing,2017-08-14
958,Name_958,51,86659,Sales,2017-08-15
959,Name_959,55,76486,Sales,2017-08-16
960,Name_960,39,64095,Sales,2017-08-17
961,Name_961,55,43816,Engineering,2017-08-18
962,Name_962,33,61506,HR,2017-08-19
963,Name_963,66,95531,Engineering,2017-08-20
964,Name_964,48,104397,Engineering,2017-08-21
965,Name_965,23,75828,Marketing,2017-08-22
966,Name_966,36,63409,Sales,2017-08-23
967,Name_967,21,88785,Marketing,2017-08-24
968,Name_968,34,51722,Marketing,2017-08-25
969,Name_969,67,111732,HR,2017-08-26
970,Name_970,55,37464,Marketing,2017-08-27
971,Name_971,43,105748,Marketing,2017-08-28
972,Name_972,57,93906,Sales,2017-08-29
973,Name_973,24,101861,Marketing,2017-08-30
974,Name_974,18,76714,Engineering,2017-08-31
975,Name_975,57,53964,Marketing,2017-09-01
976,Name_976,43,80582,Sales,2017-09-02
977,Name_977,28,118674,HR,2017-09-03
978,Name_978,18,91839,Sales,2017-09-04
979,Name_979,32,60335,HR,2017-09-05
980,Name_980,49,81716,Engineering,2017-09-06
981,Name_981,46,70291,Engineering,2017-09-07
982,Name_982,33,31107,Sales,2017-09-08
983,Name_983,67,105808,HR,2017-09-09
984,Name_984,50,85271,Marketing,2017-09-10
985,Name_985,46,58524,Engineering,2017-09-11
986,Name_986,54,113298,HR,2017-09-12
987,Name_987,65,33655,HR,2017-09-13
988,Name_988,62,67796,Sales,2017-09-14
989,Name_989,33,73529,Engineering,2017-09-15
990,Name_990,26,55138,Marketing,2017-09-16
991,Name_991,52,113174,Sales,2017-09-17
992,Name_992,43,88847,HR,2017-09-18
993,Name_993,29,115813,Marketing,2017-09-19
994,Name_994,65,75196,HR,2017-09-20
995,Name_995,21,95111,Marketing,2017-09-21
996,Name_996,42,31500,Sales,2017-09-22
997,Name_997,22,108523,Sales,2017-09-23
998,Name_998,38,89598,Engineering,2017-09-24
999,Name_999,64,72165,HR,2017-09-25
1000,Name_1000,22,110606,Marketing,2017-09-26
